contents,likes,comments,date,hashtags
레인부츠 대신 방수부츠는 어떠신지요?🕴️🕴️ 셔츠 : @lafudgestore (협찬) 상의 : @musinsa_standard 바지 : @code_graphy 신발 : @timberlandkorea @timberland,304,108,2023년 07월 05일,['#바이데센']
1년 묵은 적금샷으로 리스따뜨,200,47,2023년 07월 12일,[' ']
"⋰˚✩ 𐌔𐌏𐌋𐌃 𐌏𝖴𐌕 ⋰˚✩ *색상은 착용샷 참고해주세요. PRICE : ❌❌❌ CONDITION : 7 /10 SIZE(단면CM) : 225mm #빈끌옷_솔닷 ◎ 배송비: 기본 3000원 / 도서지역 7000원 •2개이상 구매시 무료배송 or 7만원 이상 무료배송 ◎ 실측측정은 ±1~2CM 오차가 있을 수 있습니다. ◎ 제품 색상은 모니터 설정및 환경, 기종에 따라 차이가있을수있습니다. ◎ 모든 제품은 세탁과 고온 스팀 후 발송 됩니다. 여러번 검수하여 최대한 새 상품처럼 발송 해드리기 위해 노력하고있습니다. ★ 빈티지 제품 특성상 미세 오염 및 하자가 존재합니다. ★ 이로인한 교환 및 환불은 불가하며 하자에 관하여 미리 공지 해 드리고있으니 신중히 구매 부탁드립니다 :) ★ 라벨사이즈와 실측 사이즈가 다른 경우가 있으므로 실측 사이즈 비교 후 구매 부탁 드립니다. ※모든 제품 구매는 선입금 순 입니다 :)",13,1,2023년 08월 03일,"['#팀버랜드', '#TIMBERLAND', '#팀버랜드워커', '#팀버랜드6인치', '#팀버랜드6인치프리미엄', '#여자워커', '#워커코디', '#팀버랜드신발', '#신발추천', '#구매대행', '#직구', '#맞팔', '#데일리', '#데일리룩', '#런닝왕', '#소통', '#세일', '#할인', '#구매대행쇼핑몰', '#구매대행업체', '#구매대행문의', '#정품', '#패션', '#패션스타그램', '#일상']"
"낭만적이네요. 이 조명, 온도, 습도",여러 명,71,2023년 08월 06일,"['#팀버랜드', '#팀버랜드워커', '#팀버랜드6인치', '#팀버랜드']"
▫️오늘 업데이트된 제품입니다. #timberland #팀버랜드6인치 #armaniexchange ——————————————————————————————— 판매 중인 제품에 한하여 프로필 링크를 통해 구매 가능합니다. ———————————————————————————————,여러 명,8,2023년 08월 08일,"['#timberland', '#팀버랜드6인치', '#armaniexchange']"
▫️팀버랜드 6인치 워커 제품입니다. #팀버랜드6인치 ——————————————————————————————— 판매 중인 제품에 한하여 프로필 링크를 통해 구매 가능합니다. ———————————————————————————————,91,댓글 없음,2023년 08월 08일,"['#팀버랜드', '#팀버랜드6인치프리미엄', '#팀버랜드6인치', '#풋셀', '#킥스타그램', '#슈스타그램', '#오오티디', '#아웃핏']"
남들 징검다리 쉴때 출근하는 슬픈 출근러😭 참으로 오어슬로우는 입으면 입을수록 매력적이네요👍 담에 다른 컬러도 뽑고 싶을만큼 핏도 채고 단지 지퍼부분 단추인게 화장실에서 마음을 다급하게 만드는 😅 서산 맛집찾다가 가봤는데 200%만족한 ’파이브스타버거‘ 투움바비프버거는 마지막에 밥까지 비벼먹고 싶을 정도의 환상이었다고😍 ‼️16일까지 착용중인 팔찌브랜드 @aekki_jewelry 애끼에서 할인행사 중인 점 참고‼️ photo by @jinsucolor @jin_pyo_is 📸 #워크웨어코디 #팀버랜드6인치 #오어슬로우 #파이브스타버거 #운동하는남자 #운동하는직장인 #ootdmens #orslow #남자데님,328,176,2023년 08월 14일,"['#운동하는남자', '#운동하는직장인', '#ootdmens', '#orslow', '#남자데님', '#팀버랜드', '#워커코디', '#팀버랜드6인치', '#팀버랜드워커', '#데님자켓', '#데님자켓코디', '#유넥', '#유넥코디', '#유넥추천', '#모스', '#moth', '#와이드팬츠', '#와이드팬츠코디', '#캐주얼코디', '#남자코디', '#남자패션', '#남자데일리룩']"
돌고 돌아 슬로모,247,8,2023년 08월 17일,[' ']
@vntrbusan @templeoftempo_busan 사장님 허락은 안 받았지만 아지트 삼을만한 곳이 늘었다 ･:*+.\(( °ω° ))/.:+ 우하하하 보경이랑 서울 일정 짜면서 젤리 소다 모고야딩,445,10,2023년 08월 17일,[' ']
"[어콜드월 X 팀버랜드 두 번째 협업 컬렉션 공개] 팀버랜드(@timberland)와 어콜드월(@acoldwall)이 두 번째 협업 컬렉션을 공개했다. 팀버랜드의 아이코닉한 6인치 부츠와 보트슈즈를 베이스로 어콜드월 고유의 특징을 적용해 재해석했다. 이번 컬렉션은 기능, 인체공학 및 장인의 기술에 중점을 두었으며, 도시와 아웃도어 모든 환경에서 착용할 수 있게 완벽히 디자인됐다. 팀버랜드와 어콜드월의 협업 컬렉션은 지금 팀버랜드 온라인 스토어에서 만나볼 수 있다.",99,댓글 없음,2023년 08월 30일,"['#Klassic', '#팀버랜드', '#팀버랜드6인치프리미엄', '#팀버랜드6인치', '#풋셀', '#킥스타그램', '#신스타그램', '#슈스타그램', '#오오티디', '#timberland', '#timberland6inch', '#timberlandpremium', '#kickstagram', '#shoestagram', '#footsell', '#ootd', '#kicks', '#kickfeed', '#solelysneakers', '#solelyjumpman', '#jordansdaily', '#swiftkickz', '#certifiedshots', '#jordanaddict', '#shoutmysneakz']"
도희 재탕 고무링에 워커 👍,55,7,2023년 09월 04일,"['#데일리룩', '#daliylook', '#패션스타그램', '#20대코디', '#20대남자코디', '#ootd', '#closet', '#선팔', '#맞팔', '#맞팔환영']"
심상치않다!🤠🌵,63,9,2023년 09월 06일,[' ']
덥다.. 🤍💙🧡,139,21,2023년 09월 06일,"['#팀버랜드', '#팀버랜드6인치프리미엄', '#팀버랜드6인치', '#풋셀', '#킥스타그램', '#신스타그램', '#슈스타그램', '#오오티디']"
🏕️ 가을 첫 캠핑 . 가을이라 생각했다 선선할꺼라 생각했다 착각이었다 캠린이가 피칭하는 동안 땀이 비오듯이…….후… . . 다행이도 3시부터는 선선해지고 가을을 느낄수 있었음 . . 집에서 20분거리의 캠핑장 시설좋고 깔끔하고 호텔이 따로 없다는 #솔잎향캠핑파크 . . 준모와 라은이와 함께 한 가을 첫캠핑 성공적이었다 남은 가을 부지런히 다니자 @serena_mj 넌 선택권이 없어 . . 커가면서 이런 사소한 추억이 힘이 되길바래 #솔잎향캠핑파크#가을캠핑#시흥캠핑장#캠린이#24년지기친구#우정캠핑#팀버랜드6인치,39,댓글 없음,2023년 09월 09일,"['#우정캠핑', '#솔잎향캠핑파크', '#가을캠핑', '#시흥캠핑장', '#캠린이', '#24년지기친구', '#팀버랜드6인치']"
자율주행의 경지😆 사진 감사드려요 @lazycle_snap,105,6,2023년 09월 11일,"['#팀버부츠', '#팀버랜드6인치', '#업템포검흰', '#팀버랜드6인치프리미엄', '#팀버랜드x블랙스케일', '#스트릿패션', '#timberland', '#timberland', '#uptempo', '#에어모어업템포', '#데일리룩', '#오메르타', '#dayily', '#dayilylook', '#nikekicks', '#nikeshoes', '#solecollector', '#nike', '#nike', '#신포나이키', '#킥스타그램', '#킥스타그램', '#나매', '#나매', '#풋셀', '#스페이스제이', '#조던성애자', '#박01']"
"⚠️ TIMBERLAND 입고 ⚠️ #폴더크루 가 소개하는 #폴더의신상품 ✨ 프리미엄 6인치 워터프루프 부츠 옐로우 남성 / TB0100617131 ✨ 250 ~ 280 (10단위) #데일리룩 #고양스타필드 #폴더 #폴더크루 #폴더크루스타일 #팀버랜드 #팀버랜드6인치 #팀버랜드6인치프리미엄 #timberland #timberland6inch 더욱 다양한 상품을 만나보고 싶으시다면 #고양스타필드 #폴더 방문하세요🔥🔥 제품 문의 관련 #디엠 #DM 언제든지 보내주세요🙏 ₩ 268,000 #고양스타필드 #스타필드 #폴더 #dm #폴더라벨 #캐쥬얼 #스트릿패션 #삼송 #일산 #블록코어룩 #블록코어 #져지 #스트릿 #스트릿룩",34,1,2023년 09월 26일,"['#삼송', '#일산', '#블록코어룩', '#블록코어', '#져지', '#스트릿', '#스트릿룩', '#추석선물', '#추석선물', '#해외직구', '#아들', '#운동화', '#팀버랜드6인치', '#나이키업템포', '#화이트레드', '#조던']"
"#TIMBERLAND 268,000 220~280(10) 팀버랜드 신상입고 택배 계좌 거래 🆗 #folder #팀버랜드 #timberland #6인치부츠 #팀버랜드6인치 #팀버랜드워커 #팀버랜드코디 #폴더 #남자신발 #여자신발 #여자신발추천 #남자신발추천 #꾸안꾸스타일 #꾸안꾸 #베이직아이템 #베이직슈즈 #기본템 #기본운동화 #기본스니커즈 #여자선물 #남자선물 #폴더건대 #건대스타시티 #건대신발 #건대옷 #건대맛집",128,댓글 없음,2023년 09월 29일,"['#베이직슈즈', '#기본템', '#기본운동화', '#기본스니커즈', '#여자선물', '#남자선물', '#폴더건대', '#건대스타시티', '#건대신발', '#건대옷', '#건대맛집', '#팀버랜드', '#팀버랜드6인치프리미엄', '#팀버랜드6인치', '#풋셀', '#킥스타그램', '#신스타그램', '#슈스타그램', '#오오티디']"
오늘도 스트릿 맛집 캐롯츠와 함께! 올리브 색상이 진짜 오묘하게 이뻐요!! LA스트릿 브랜드 캐롯츠(carrots) @carrots.kr #캐롯츠 #carrots,630,112,2023년 10월 09일,"['#캐롯츠', '#carrots', '#협찬']"
"#협찬 확실히 대하 철이긴 하구나. 대하 한입 베어물었다가 살아있는건줄 알고 더 아그작 씹어줌. 아니 정말 탱글탱글했다니까아~? @tradclub_official 에서 ""AUTHENTIC SWEATSHIRTS"" 를 제공받아 작성되었습니다. 내가 생각했던 원단과 달라서 만지는 느낌과 텐셜이 너무 좋아 편하게 입기 너무 좋을거같던 맨투맨 ⠀ ⠀ ⠀ #트래드클럽 #tradclub #맨투맨 #맨투맨코디 #스웻셔츠 #맨투맨추천 #tc #btc",474,66,2023년 10월 10일,"['#tc', '#btc']"
길거리에서 살아남기,79,12,2023년 10월 11일,[' ']
"#광고 @timberlandkorea 다채로운 컬러로 새롭게 선보이는 팀버랜드 6인치 부츠 컬렉션 💫 #더현대서울 4층에서 9월21일부터 두달간 진행해오고 있는 #팀버랜드 팝업스토어에서 옐로부츠 출시 50주년을 기념한 6인치 부츠 컬렉션 & 버터팩 컬렉션을 만나볼 수 있습니다. 그 외에도 #퓨처73 협업 제품도 볼 수 있었는데, 부츠는 물론 의류도 예쁜게 너무 많더라구요..? 🤩 이번 팝업스토어에서는 인스타그램 팔로우 이벤트와 팝업 스토어에서 구매시 다양한 사은품을 증정하고 있으니 구경해보세요🎁 #팀버랜드50 #팀버랜드부츠 #옐로부츠 #팝업스토어 #Future73 #Timberland #Timberland50",18,3,2023년 10월 12일,"['#Timberland', '#Timberland50', '#광고', '#더현대서울', '#팀버랜드', '#팀버랜드6인치', '#팀버랜드50', '#팀버랜드부츠', '#옐로부츠', '#팝업스토어', '#Future73']"
가을 팀버 is 레전-드🥾 #팀버랜드 #팀버랜드워커 #팀버랜드6인치 #남자워커 #신발코디 #가을데일리룩 #스트릿패션 1 + 6. @____attention 2. @jimmymp3s 3. @week_99 4. @noahxmicha 5. @__callmeish 7. @noelaveryy 8. @lesean.scott,82,5,2023년 10월 21일,"['#팀버랜드', '#팀버랜드워커', '#팀버랜드6인치', '#남자워커', '#신발코디', '#가을데일리룩', '#스트릿패션']"
여유로운 배경에 어울리지 못하는 치명적인 남자,43,6,2023년 10월 30일,"['#겨울휴가', '#삿포로', '#삿포로여행', '#훗카이도', '#훗카이도여행', '#일본', '#일본여행', '#소니', '#소니이미지갤러리', '#sonya7', '#sonyimage', '#55mmf18za', '#zeiss', '#짜이즈', '#sapporo', '#hokkaido', '#japan', '#여행스타그램', '#여행에미치다', '#여행', '#휴가스타그램', '#눈의도시', '#눈의도시', '#갤럭시', '#galaxynote9', '#비에이', '#비에이투어', '#biei', '#탁신관', '#팀버랜드6인치']"
#팀버랜드 #조아팝업 #더현대팝업 #더현대팝업스토어 #팀버랜드팝업스토어 #옐로부츠50주년 #팀버랜드워커 #더현대구경,11,4,2023년 10월 31일,"['#더현대구경', '#팀버랜드6인치']"
짧은 머리 적응기,85,11,2023년 11월 06일,"['#팀버랜드', '#팀버랜드6인치프리미엄', '#팀버랜드6인치', '#풋셀', '#킥스타그램', '#신스타그램', '#슈스타그램', '#오오티디']"
"사막화가 연상되는 팀버랜드 X 논네이티브 협업 발매🥾 ⚒️노동자들의 작업화에서 시작해, 섬세한 장인 정신과 고유 디자인, 높은 퀄리티로 워커의 상징이된 브랜드 <팀버랜드>와 아카이브 제품을 시대의 흐름에 맞게 재편집하는 일본의 밀리터리, 워크웨어 브랜드 <논네이티브>가 만나 23FW 6인치 프리미엄 부츠를 출시합니다. 2017년 파트너십을 연상시키는 이번 협업은 덥수룩한 스웨이드 어퍼와 화이트 대비 스티치, 방수성이 뛰어난 고어텍스를 활용하여 어떠한 날씨에도 견딜 수 있는 사양으로 완성했다고 하는데요. 기존 팀버랜드 6인치보다 더 차분한 색상의 토프 컬러로 색다른 매력을 선보였습니다. 마치 미군의 사막화가 연상되는데요. 🏜 지금 바로 구매가 가능한 프리미엄 부츠의 이미지를 슬라이드를 넘겨 확인하세요. 👀 📍논네이티브 온라인 스토어, 팀버랜드 온라인 스토어, 팀버랜드 신주쿠 ltse PC4 매장, 팀버랜드 부티크 도쿄 다이칸야마, 키스 도쿄 매장, H 뷰티 & 유스 공식 스토어 💸 3만 4,800 엔 (한화 약 30 만원) 쉽고 HYPE한 패션 매거진 @curation_club 📸 : @nonnative",여러 명,2,2023년 11월 07일,"['#팀버랜드', '#팀버랜드6인치', '#여름코디', '#여름코디추천', '#남자여름코디', '#버뮤다팬츠코디', '#반바지코디', '#여름데님', '#캐주얼룩', '#캐주얼코디']"
"""근본 워커 팀버랜드가 돌아왔다"" 90년대 힙합 근본 아이템으로 애용된 #팀버랜드 6인치 부츠 최근 셀럽들의 착용과 다양한 콜라보 협업으로 다시금 HYPE 한 이미지로 급부상 중입니다. 브랜드의 근본 헤리티지는 물론 워크웨어 트렌드와 맞물려 그 인기는 당분간 계속될 듯 한데요. 팀버랜드와 함께한 아웃핏을 모아봤습니다.✨ 💬착장 Tip 📌어두운 워크 팬츠&버뮤다 팬츠에 포인트 📌발목 두칸정도의 슈레이스를 넉넉히 풀것 📌사이즈는 자신 사이즈 1업 추천",58,댓글 없음,2023년 11월 11일,[' ']
"#광고 @timberlandkorea 🥾 Timberland® 50th Edition Premium 6-Inch Boot Collection 저의 학창 시절부터, 모델시절, 직업 군인 시절, 지금까지도- 쭉 함께하고 있는 아웃도어 라이프 스타일 브랜드 #팀버랜드 #timberland 에서 23FW시즌 50주년 에디션 프리미엄 6인치 부츠 컬렉션을 선보입니다. 워커 자체의 오리지널리티와 팀버랜드의 아이코닉 디자인을 다시 한번 해석하여, 다채로운 7가지 색상의 6인치 부츠를 출시했는데요. 후드, 비니, 양말도 부츠와 같은 컬러웨이로 출시되어, 더욱 유니크한 감성을 자아내고 있습니다. 이번 겨울 6인치 부츠로 자신만의 진정한 색도 찾아보고, 매력적인 데일리룩을 꾸며 보시는 것도 좋겠네요 :) 개성을 표현하는 수단이 되어줄 이번 팀버랜드 프리미엄 6인치 부츠 컬렉션은- 온라인 스토어를 비롯하여, 더현대 서울 팝업스토어, 전국 주요 정상 매장에서 만나 볼 수 있습니다. 팀버랜드가 60,70주년이 되더라도 함께 하고 싶은 마음이 더욱 커지는 아이템이네요🥾🎉 @timberland #팀버랜드50 #timberland50 #옐로부츠50주년 #친환경패션 #친환경신발 #지속가능성 #변화를향한대담한도전 #BuiltForTheBold",234,50,2023년 11월 13일,"['#친환경신발', '#지속가능성', '#변화를향한대담한도전', '#BuiltForTheBold']"
이것이 힐링이도다 ..,258,44,2023년 11월 15일,[' ']
바쁘게 살며 하늘을 구경하신지 얼마나 되셨나요?? 마지막에 노을 사진 보시며 힐링하고가세요!! 저는 코감기 + 목에 담이와서 답방은 조금만 천천히 갈게요😭 다들 감기 조심하셔야해요!!,9,2,2023년 11월 15일,"['#팀버랜드', '#팀버랜드6인치', '#팀버랜드옐로우부츠', '#최애템']"
어울리나요 . . . . . . . . . #아크네스튜디오 #봄버 #봄버자켓 #항공점퍼 #엠프티 #성수 #성수편집샵 #와이드데님 #팀버랜드 #팀버랜드6인치,146,10,2023년 11월 16일,"['#성수편집샵', '#와이드데님', '#팀버랜드', '#팀버랜드6인치', '#백패커', '#백패킹', '#backpacking', '#backpacker', '#클라터뮤젠아바카60', '#몽벨', '#montbell', '#팀버랜드6인치', '#여주', '#강천섬', '#한강6경', '#청춘감성', '#나오길잘했네', '#가을하늘', '#단풍구경']"
"🧜Timberland 6 inch boots Price 120,000₩ 주름도 안잡힌 미미한 사용감의 훌륭한 컨디션 추천 Size 265( 270 best) 🐠+++ , ,구매전 하이라이트에 공지를 확인해주세요 :) ,#빈티지샵 #빈티지 #세컨핸드 #세컨핸드샵 #팀버랜드 #팀버랜드6인치",2,댓글 없음,2023년 11월 18일,"['#빈티지샵', '#빈티지', '#세컨핸드', '#세컨핸드샵', '#팀버랜드', '#팀버랜드6인치', '#광고', '#팀버랜드', '#팀버랜드부츠', '#무신사크루', '#무신사스냅']"
겨울 팀버 없으면 섭해🥾 #팀버랜드 #팀버랜드워커 #팀버랜드6인치 #부츠코디 #워커코디 #남자부츠 #스트릿패션 1. @matsgrzesinski 2. @bold.b0y 3. @ryan.aprnsyah 4. @sante 5. @lazarnedkov 6. @jul1vd 7. @jc.olanv,"1,539",133,2023년 11월 22일,"['#팀버랜드', '#팀버랜드워커', '#팀버랜드6인치', '#부츠코디', '#워커코디', '#남자부츠', '#스트릿패션']"
#협찬 여름엔 그냥 그리쉬👍 . . . @grish_official . . . #여름코디 #반팔추천 #그리쉬 #grish #팀버랜드 #팀버랜드워커 #팀버랜드6인치 #여름코디추천 #스트릿코디 #스트릿웨어 #캐트릿코디 #캐트릿패션,42,댓글 없음,2023년 11월 25일,['#캐트릿패션']
급습 한파에 동계훈련 나가는 미군 모드. 프리마로프트에 폴라텍플리스까지 넣어서 방한 완료.,41,20,2023년 11월 25일,"['#selfie', '#selfie', '#팀버랜드6인치', '#오늘하루', '#오늘하루', '#광합성하는', '#식물보다도못한', '#하루를']"
추워용~,14,댓글 없음,2023년 11월 28일,"['#롯데수지몰', '#수지점', '#수지점', '#팀버랜드', '#timberland', '#timberlandboots', '#팀버랜드6인치', '#팀버랜드6인치', '#브루클린', '#브루클린', '#데일리룩', '#가을코디', '#패션', '#ootd', '#맞팔', '#소통', '#dailylook', '#daily', '#일상', '#퇴근', '#퇴근', '#반팔', '#팀버랜드스니커즈', '#신발', '#신발', '#신발추천', '#신발스타그램', '#올블랙', '#패션스타그램', '#소통환영', '#간지템']"
"I demolish myself 매끈하게 잘 닦인 탄탄대로처럼 보였던 삶의 막다른 길에서, 부수고 무너뜨리며 아주 잃은 것과 잊고 살던 것을 깨닫고 수용하기까지. 건조하게 또 관성적으로 살아온 자신의 세상을 해체하기 시작한 제이크 질렌할은 본격적으로 넥타이를 벗고 팀버랜드를 신는다. 물리적인 고통을 자처하며 고장난 생의 감각을 일깨우고…팀버랜드 6인치 멋진데 몰라줘서 슬픔… 장 마크 발레 영화 더 보고 싶은데 그럴 수 없는게 시큰하게 슬픔… 뜬금 퇴근길의 슬픔과 (사실) 애정 #데몰리션 #팀버랜드6인치",71,18,2023년 11월 29일,['#팀버랜드6인치']
캠핑 느낌 가득한 곳 박살내고 온 귀여운 우리🏕️👯,7,58,2023년 12월 05일,[' ']
"디스이즈네버댓(@thisisneverthat)이 팀버랜드(@timberland)와의 협업을 예고했습니다🥾 협업 제품은 팀버랜드의 시그니처 아이템인 6인치 부츠를 중심으로 후디, 캡 등으로 구성되었는데요, 디스이즈네버댓만의 빈티지 무드와 소재 및 디테일에 집중한 것이 특징입니다🔥 디스이즈네버댓과 팀버랜드의 협업 제품은 12월 15일(금)부터 디스이즈네버댓 공식 온라인스토어 및 홍대・도쿄 플래그십 스토어에서 만나볼 수 있습니다👀 #디스이즈네버댓 #thisisneverthat #팀버랜드 #timberland",488,3,2023년 12월 11일,"['#디스이즈네버댓', '#thisisneverthat', '#팀버랜드', '#timberland']"
"🏷 팀버랜드 x 빔즈 모델 스펙,더 많은 사진 → 프로필링크 온라인스토어 23FW Timberland × BEAMS EX 6inch Premium Boots Vibram GORE-TEX (R) 팀버랜드의 아이코닉한 대표 아이템, 6인치 부츠를 빔즈를 위해 특별 제작했습니다. 브랜드 탄생 50주년을 기념해 제작된 특별한 6인치 부츠. 빔즈의 시그니처인 크레이지 패턴이 들어갔으며, 아웃도어에서 크게 활약하는 비브람솔과 뛰어난 방수/투습성의 고어텍스 소재를 사용했습니다. •色 : Wheat •size : 7 ~ 11 (half o) •가격 :363,000₩ Based in Tokyo 🌐 ✅일본서 판매되는 모든 제품 오더 가능 🗼도쿄 현지 온라인 & 오프라인 구매대행 문의📲카톡 플러스채널,디엠,네이버톡톡 #페블즈 #도쿄페블즈 #일본구매대행 #도쿄구매대행 #구매대행 #옷스타그램 #빔즈 #데일리룩 #오오티디 #ootd #판매 #패션블로그 #오오티디룩 #워크웨어 #아메카지 #일본직구 #아메카지룩 #도쿄 #timberland #beams #timberlandboots #팀버랜드 #팀버랜드6인치 #빔즈구매대행","1,529",댓글 없음,2023년 12월 12일,"['#timberland', '#beams', '#timberlandboots', '#팀버랜드', '#팀버랜드6인치', '#빔즈구매대행', '#광고', '#팀버랜드', '#timberland']"
"팀버랜드X디스이즈네버댓 컬렉션 출시 😎 팀버랜드(TIMBERLAND)가 서울 기반의 디스이즈네버댓(thisisneverthat)과 협업 컬렉션을 출시해요. 🙏🏻 이번 협업 컬렉션은 빈티지 무드의 소재 및 디테일에 집중했으며, 팀버랜드의 시그니처 아이템인 6인치 부츠(6” Boots)와 후디, 워시드 캡으로 구성됐어요. 🥰 팀버랜드의 아이코닉한 오리지널 6인치 부츠는 1970년대 미국의 야외 문화를 상징하는 비프 앤 브로콜리 컬러 콤보가 특징이에요.🇺🇸 활용도 높은 릴렉스드 핏 후디 또한 sun faded 워싱을 적용해 빈티지 무드를 강조했으며, 노이즈 효과를 더한 팀버랜드 트리 앰블럼과 디스이즈네버댓의 협업 그래픽이 눈길이 가네요. 👀 워시드 캡은 6인치 부츠 컬러웨이를 적용한 브라운 컬러의 스웨이드 텍스쳐와 블랙 컬러의 워시드 캔버스, 그린 컬러의 백스트랩으로 구성했어요. 팀버랜드의 디스이즈네버댓 협업 컬렉션은 12월 15일부터 팀버랜드 공식 홈페이지에 만나 볼 수 있어요. #팀버랜드 #디스이즈네버댓 #timberland #thisisneverthah",16,댓글 없음,2023년 12월 14일,"['#팀버랜드', '#디스이즈네버댓', '#timberland', '#thisisneverthah', '#december072019', '#saturday', '#일상', '#특별', '#기록', '#dailylife', '#special', '#record']"
"[슈프림, 팀버랜드와 새로운 협업 제품 공개] 슈프림(@supremenewyork)이 팀버랜드(@timberland)의 6인치 프리미엄 워터프루프 부츠를 재해석한 협업 제품을 공개했다. 협업 제품은 엠보싱 패턴, 방수 프리미엄 누벅, 고무 아웃솔, 바깥쪽에 위치한 팀버랜드 디보싱 로고와 슈프림 로고 탭 등이 특징이며, 핑크, 브라운, 블랙 총 세 가지 컬러로 출시된다. 슈프림 X 팀버랜드 6인치 프리미엄 워터프루프 부츠는 오는 23일 슈프림 서울에서 만나볼 수 있다.",127,댓글 없음,2023년 12월 19일,"['#팀버랜드', '#팀버랜드6인치', '#팀버랜드6인치']"
"- 슈프림과 팀버랜드가 만납니다. 팀버랜드 '6인치 프리미엄 워터프루프 부츠' 모델에 슈프림의 감성을 더했는데요. 이번 신제품은 카멜, 핑크, 블랙 3가지 컬러로 선보이죠. 어퍼에는 엠보싱 된 트레일 패턴을 새겼고, 방수 처리로 활동성을 높였습니다. 오는 12월 21일 글로벌 론칭되며, 23일부터는 슈프림 서울에서 만나볼 수 있습니다. #슈프림 #팀버랜드 #슈프림X팀버랜드 #팀버랜드6인치 #패션뉴스 #신상 #패션신상 #부츠 #겨울부츠 #컬래버레이션",393,17,2023년 12월 20일,"['#슈프림', '#팀버랜드', '#슈프림X팀버랜드', '#팀버랜드6인치', '#패션뉴스', '#신상', '#패션신상', '#부츠', '#겨울부츠', '#컬래버레이션']"
"🚩슈프림 X 팀버랜드 6인치 프리미엄 워터프루프 부츠를 출시한다고 합니다. 🚩이번 협업 부츠는 엠보싱 처리 된 트레일 패턴이 새겨져있고 방수 처리가 되어있다고 합니다. 이번 협업 부츠는 '베이지', '핑크', '블랙'컬러로 구성되있습니다. 🔥이번 협업 부츠는 22일 오전 1시 슈프림 공식 홈페이지 통해 발매되고 23일에는 서울 오프라인 스토어에서 발매 된다고 합니다. 📷: @supremenewyork #supreme #supremetimberland #timberland #timberlandboots #슈프림 #슈프림팀버랜드 #팀버랜드 #팀버랜드6인치 #팀버랜드6인치프리미엄 #패션 #패션정보 #패션소식 #발매 #발매정보 #발매소식 #스니커즈 #스니커즈발매 #스니커즈발매정보 #스니커즈발매소식",13,1,2023년 12월 20일,"['#스니커즈발매소식', '#아디다스오즈위고', '#팀버랜드6인치']"
"/#supreme X #timberland @supremenewyork @timberland 슈프림의 팀버랜드 6인치 부츠🥾 슈프림과 팀버랜드가 협업하여 프리미엄 워터프루프 부츠를 출시합니다🥾 이번 협업은 핑크, 블랙, 카멜의 세 컬러웨이로 제작 되었으며, 부츠의 어퍼에는 프린팅이 아닌 엠보싱 처리된 트레일 패턴이 디자인 되었고, 워터프루프 기능을 도입하여 아웃도어적 활동성도 추가하였습니다👏 카라는 두터운 실루엣을 지니며, 협업을 기념해 측면에 슈프림의 로고 탭과, 힐에 팀버랜드 로고가 적용 되었습니다🔥 이번 협업 제품은 오는 12월 22일 오전 1시 슈프림 웹사이트를 통해 발매되며, 23일부터 서울 오프라인 스토어에서 구매 가능합니다✅",8,2,2023년 12월 20일,"['#supreme', '#timberland']"
노는 게 제일 좋아,132,21,2023년 12월 22일,"['#경북', '#문경', '#문경새재', '#조령산자연휴양림', '#백두대간', '#제3관문', '#제1관문', '#트레킹', '#trecking', '#8', '#워크샾', '#가을가을', '#이뿌당', '#단풍놀이', '#팀버랜드6인치', '#이뿐데발아파', '#90년대포즈']"
반오십 D-8,여러 명,댓글 없음,2023년 12월 24일,[' ']
슈프림 팀버 신상 실물🤩🗽 #슈프림 #팀버랜드 #슈프림팀버랜드 #팀버랜드6인치 #남자부츠 #스트릿패션 #슈프림코디 1. @the_kid_gendai 2 + 4 + 6 + 7. @tomoharukotsuka 3. @denki_otoko 5. @st_masashi,301,1,2023년 12월 30일,"['#슈프림', '#팀버랜드', '#슈프림팀버랜드', '#팀버랜드6인치', '#남자부츠', '#스트릿패션', '#슈프림코디']"
2024년 어떤 신발이 뜰까?🤔 다시 돌아오는 팀버랜드 부츠 트렌드 ⁉️ 해외 셀럽들에게는 이미 핫한 아이템으로 뜨고 있는데요. 최근 슈프림과의 콜라보로 더 부스팅되고 있는 팀버랜드 부츠.. 우선 2024 위시리스트에 넣어볼까요..? 저는 신발장 속 팀버랜드 부츠 꺼내놓으러 이만! ✌🏽 📷 @kshitij.bhatia @willbrookes__ @matthew.yg @obeddagnon @nasty_perez @dnieccio ✔️ 이미지 내 태그 클릭 시 상품 상세 정보 확인 가능합니다.,61,80,2023년 12월 31일,"['#일상', '#직장인', '#칼퇴', '#연습', '#안무짜기', '#아이디어', '#안떠오름', '#누가소스좀', '#아무도없을때', '#셀카', '#셀스타그램', '#얼스타그램', '#거울샷', '#전신샷', '#팀버랜드6인치', '#데일리룩', '#긴팔원숭이룩', '#스트라이프', '#스냅백', '#selfie', '#daily', '#mirror', '#practice', '#dailylook', '#timberland6inch']"
드디어 #팀버랜드워커 신었다🥾 연보라와 보라색의 조합👏… 더 보기,64,88,2024년 01월 02일,['#팀버랜드워커']
"클래식한 스타일과 기능성을 융합한 팀버랜드 6인치 프리미엄 워터프루프 부츠. 일본 현지 패션 브랜드 뷰티 앤 유스의 별주 모델로 발매되었습니다. 어퍼를 베이지의 누벅 레더로 변경, 내로 라스트를 채용했습니다. 힐 부분에 고어텍스 로고를 배치해 아웃도어 감성을 가지고 있어요. 아웃솔은 우수한 그립감을 가진 비브람 솔을 채용. 충전재는 프리마로프트를 채용해 보온 성능을 높였어요. 슈레이스와 발목의 레더를 어퍼와 같은 색상으로 통일해 기존 모델과 차별화된 스타일을 가지고 있답니다. ※가격확인 및 구입은 프로필의 스토어 링크로 접속해 주세요🥾 #팀버랜드워커 #팀버랜드6인치 #비브람솔 #방한화 #방한부츠 #방한워커 #겨울부츠 #고어텍스 #팀버랜드신발 #콜라보레이션 #일본브랜드 #일본직구 #일본해외직구 #해외직구 #비브람부츠 #고어텍스방한화 #일본구매대행 #해외구매대행 #일본직구사이트 #일본직구쇼핑몰",7,댓글 없음,2024년 01월 02일,"['#팀버랜드워커', '#팀버랜드6인치', '#비브람솔', '#방한화', '#방한부츠', '#방한워커', '#겨울부츠', '#고어텍스', '#팀버랜드신발', '#콜라보레이션', '#일본브랜드', '#일본직구', '#일본해외직구', '#해외직구', '#비브람부츠', '#고어텍스방한화', '#일본구매대행', '#해외구매대행', '#일본직구사이트', '#일본직구쇼핑몰']"
🧀 #팀버랜드 #팀버랜드6인치 #옐로우부츠 #워커 #힙합 #투팍 #비기 #부츠 #스트릿 #300mm #슈스타그램 #킥스타그램 #스트릿패션 #치즈 #timberland #timberlandboots #yellowboots #walkershoes #hiphop #tupac #biggie #boots #streetstyle #shoestagram #kickstagram #cheese,134,댓글 없음,2024년 01월 03일,"['#팀버랜드', '#팀버랜드6인치', '#옐로우부츠', '#워커', '#힙합', '#투팍', '#비기', '#부츠', '#스트릿', '#300mm', '#슈스타그램', '#킥스타그램', '#스트릿패션', '#치즈', '#timberland', '#timberlandboots', '#yellowboots', '#walkershoes', '#hiphop', '#tupac', '#biggie', '#boots', '#streetstyle', '#shoestagram', '#kickstagram', '#cheese']"
[오늘의 #출근룩] 잘 안보이지만.. 새 팀버랜드를 신구 뛰어나오는 룩👞👞 유럽에선 방한화가 필요하다해서 핑계삼아 장만한 팀버랜드 6인치 부츠☺️☺️ 열심히 길들여서 데리구 다녀오겠음다😎 . . . . . 🧥: @frizmworks_official 👔: @nigel_cabourn 👖: @levis 👞: @timberlandkorea 💼: @porter_kr,311,4,2024년 01월 03일,[' ']
팀버랜드 클리닝 케어✨ ⠀ ⠀ 택배 ok 밑창보강.신발수선.가방수선.명품복원 Ak수원 이음리페어 ⠀ ⠀ ⠀ #팀버랜드 #팀버랜드워커 #팀버랜드6인치,307,댓글 없음,2024년 01월 04일,"['#팀버랜드', '#팀버랜드워커', '#팀버랜드6인치']"
[오늘의 #출근룩] 조금이라도 날씨가 풀리면 부리나케 패딩을 벗어던짐🤣🤣 오늘은 어제보다 덜 춥다는 소식에 바로 Wool+Wool+Wool 조합으로!! 빈티지 80‘s 스웨터와 영국군팬츠로 밀리터리룩 ggo👊👊 . . . . . 🧥: @boogieholiday 👔: #vintagesweater (@mayo_vntg) 👖: @nigel_cabourn 👞: @timberlandkorea,103,13,2024년 01월 04일,[' ']
[오늘의 #출근룩] 정신없이 나오는 바람에 패딩입고 나옴😅 오늘 따땃하다는데.. 패딩 당해버렸.. 후다닥 시간 보내고 주말로 ggooo☺️ . . . . . 🧥: @solidhomme 👔: @jacquemus 👖: @lemaire_official 👞: @timberland 💼: @porter_kr,24,23,2024년 01월 05일,[' ']
기본탬 🥾🥾🥾🥾🥾 #팀버랜드 #팀버랜드워커 #팀버랜드6인치 #timberland #timberlandboots,여러 명,댓글 없음,2024년 01월 05일,"['#팀버랜드', '#팀버랜드워커', '#팀버랜드6인치', '#timberland', '#timberlandboots']"
"2024.01.06 일곱번째 착장 계절도 바뀌고 해도 바뀌었길래.. 여보 그렇게 찍는거 아닌데~~ 상의 : 자라 xl, 샤카웨어 가먼트다이드 티셔츠xl 하의 : 언더아머 신발 : 팀버랜드 280mm",187,3,2024년 01월 07일,[' ']
"팀버랜드 5.5 워터프루프 6인치 워커부츠 12909 프리미엄 방수 부츠 워커 강화된 내구성과 고급스러운 디자인 풀 그레인가죽 및 누벅 갑피 방수소재 안감은 발을 건조하고 편안하게 유지 PET 끈으로 안정적인 핏 고무 러그 밑창 미끄럼방지 바닥창 사이즈 5.5. 실착 230여유~235 누벅소재상의 사용감외 상태양호 🔷️가격 : 90,000원 (택배비포함) 🔴문의.주문 : O1O 22O7 2293 타사이트와 동시진행으로 품절 될수 있아오니 사전에 문의주시기 바랍니다. #팀버랜드6인치 #팀버랜드235 #팀버랜드230 #팀버랜드워커",16,댓글 없음,2024년 01월 09일,"['#팀버랜드6인치', '#팀버랜드235', '#팀버랜드230', '#팀버랜드워커']"
된장 색 신발만 5개째 ⑉!,258,12,2024년 01월 10일,[' ']
🥾,10,댓글 없음,2024년 01월 12일,[' ']
루이 비통 x 팀버랜드 6인치 워커 부츠 📍퍼렐의 루이 비통 FW24 퍼렐의 @skateboard 계정에서 미리 선보였던 루이 비통과 팀버랜드의 콜라보가 FW24 쇼에서도 공개되었습니다. 다양한 버전으로 공개되었던 그들의 콜라보 부츠에는 시그니처 패턴인 모노그램이 적용되었고 특히 밑창에서도 이 로고들이 포착되었습니다. 현재까지 공개 일정이나 가격 등 세부 정보에 대해서는 밝혀진 바가 없다고 합니다. 📌 루이 비통 x 팀버랜드 콜라보 부츠 ▪️퍼렐의 세 번째 루이 비통 쇼이자 첫 번째 FW쇼에서 공개된 제품 ▪️팀버랜드의 시그니처이기도 한 6인치 워커 부츠를 베이스로 디자인됨 ▪️신발 안쪽이나 아웃솔의 밑창 등 곳곳에서 루이 비통 모노그램 로고가 보임 한편 퍼렐은 이 부츠를 일전에 공개하면서 스웨이드 클리너를 멀리하라고 전하기도 했습니다 🤭 #루이비통 #팀버랜드 #FW24 #퍼렐윌리엄스 #Louisvuitton #PharrellWilliams 📷 @archived.dreams @rayanlamarre @stevenvictor @tyshawn 🎥 @skateboard,84,27,2024년 01월 17일,"['#루이비통', '#팀버랜드', '#FW24', '#퍼렐윌리엄스', '#Louisvuitton', '#PharrellWilliams']"
"#FASHION 루이비통 x 팀버랜드 FW24 컬렉션 공개 퍼렐 윌리엄스(@pharrell)가 루이비통(@louisvuitton)의 디렉터를 맡은 후 세 번째 루이비통 쇼를 통해서 공개된 협업 제품의 컬렉션이 공개됐다. 다양한 버전으로 공개된 팀버랜드(@timberland)의 부츠에는 루이비통의 시그니처 모노그램 패턴이 적용됐다. 디자인의 프로세스 및 비하인드 컷은 루이비통 멘즈웨어 디자인 팀(@skateboard) SNS 계정을 통해 만나볼 수 있다. 공식 협업 모델의 유무나 가격, 일정 등 세부 정보는 아직 밝혀진 바가 없다. Image @skateboard",274,댓글 없음,2024년 01월 17일,['#FASHION']
재승이형 잘 신을께용 #팀버랜드6인치 워커,57,3,2024년 01월 18일,['#팀버랜드6인치']
🦋,0,댓글 없음,2024년 01월 18일,[' ']
영롱한 LV 팀버랜드🥾✨ #루이비통 #퍼렐 #팀버랜드 #팀버랜드부츠 #팀버랜드6인치 #팀버랜드워커 #남자부츠 1 + 3 + 4 + 6 + 7 + 8. @office2143 2. @gvraldo 5. @rayanlamarre,548,댓글 없음,2024년 01월 21일,"['#루이비통', '#퍼렐', '#팀버랜드', '#팀버랜드부츠', '#팀버랜드6인치', '#팀버랜드워커', '#남자부츠']"
"당신은 루이 비통입니까? 팀버랜드입니까?✨ 이번 파리 패션위크에서 카우보이 & 워크웨어를 보여준 퍼렐의 루이 비통 FW24 컬렉션 그중 모노그램 글라스에 담겨 공개되었던 한정판 프리미엄 부츠 대해 전합니다🔎 🥾루이 비통 x 팀버랜드 프리미엄 부츠 @louisvuitton @timberland ▪️파리 패션위크에서 브라운 모노그램 패턴의 프리미엄 한정판 신발이 모노그램 글라스의 신발 트렁크에 담겨 공개됨 ▪️해당 신발은 신발 혀에 극소량의 18K 금으로 제작된 모노그램 펜던트와 아일렛이 더해짐 ▪️한정판 신발 외에도 팀버랜드의 시그니처 6인치 부츠를 중심으로 7가지 버전의 콜라보를 선보임 ▪️ LV 아일렛, LV 레이스 팁, 클래식 LV 모노그램 밑창, 신발 주변 모노그램 각인이 특징 ▪️쇼 공개 전 퍼렐은 @skateboard 계정에 팀버랜드와의 콜라보 부츠를 공개한 바 있음 #루이비통 #팀버랜드 #louisvuitton #timberland 📷 @office2143",188,13,2024년 01월 22일,"['#루이비통', '#팀버랜드', '#louisvuitton', '#timberland']"
"팀버랜드(@timberland)가 발렌타인데이를 기념한 제품을 출시했습니다🌹 미디엄 핑크 컬러의 프리미엄 6인치 부츠는 유스와 주니어 사이즈로, 플랫폼 형태의 다크 레드 컬러는 여성용으로 출시되었는데요, 가격은 각 $95, $110, $160으로, 현재 팀버랜드 온라인스토어에서 구매할 수 있습니다. ​#timberland #팀버랜드 #timberlandboots #발렌타인데이",24,2,2024년 01월 26일,"['#timberland', '#팀버랜드', '#timberlandboots', '#발렌타인데이'] "
봄아 다시 돌아와줘 내가 잘 할게 ..,48,댓글 없음,2024년 01월 30일,[' ']
심상치않다!🤠🌵,139,댓글 없음,2024년 02월 03일,[' ']
거울샷만 자안뜨윽,637,댓글 없음,2024년 02월 06일,[' ']
나무 두 그루,"1,538",15,2024년 02월 14일,[' ']
🚣‍♀️,2,25,2024년 02월 15일,[' ']
아이폰6s로 담은 나🩶 캐주얼한 느낌으로 그레이니트에 청바지 그리고 팀버랜드 워커를 매치해줬어요☺️ 팀버랜드와 데님 조합은 아무리 생각해도 사기임😳 . . . #팀버랜드워커 #워커코디 #니트코디 #볼캡코디 #여자봄코디 #아이폰6s #간절기코디 #팀버랜드6인치 #팀버랜드 #안경코디 #카고팬츠,여러 명,댓글 없음,2024년 02월 21일,"['#팀버랜드워커', '#워커코디', '#니트코디', '#볼캡코디', '#여자봄코디', '#아이폰6s', '#간절기코디', '#팀버랜드6인치', '#팀버랜드', '#안경코디', '#카고팬츠']"
팀버랜드 6인치 #팀버랜드6인치 #3형제 #다시돌아오다 #두둥 # ㅋㅋㅋ #내꺼만더러움 #7년짬빠,342,2,2024년 02월 22일,"['#팀버랜드6인치', '#3형제', '#다시돌아오다', '#두둥', '#ㅋㅋㅋ', '#내꺼만더러움', '#7년짬빠']"
탄버랜드 #timberland #팀버랜드 #팀버랜드6인치 #고양이 #랙돌,99,댓글 없음,2024년 02월 26일,"['#timberland', '#팀버랜드', '#팀버랜드6인치', '#고양이', '#랙돌']"
요즘 빠진 빈티지 워크웨어 무드 점점 나이가 먹긴 하나보다 어릴적 아저씨 패션이라고 생각했던 무드가 눈에 들어오는걸 보면 #헨리넥 #헨리넥니트 #빈티지 #워크웨어 #하금테 #하금테안경 #헤이스트 #카고팬츠 #팀버랜드 #팀버랜드6인치,여러 명,댓글 없음,2024년 02월 26일,"['#헤이스트', '#카고팬츠', '#팀버랜드', '#팀버랜드6인치']"
#팀버랜드6인치부츠 #resole by블랙샤인명동본점 . . . . #슈케어 #구두수선 #블랙샤인 #블랙샤인슈케어샵 #블랙샤인슈케어 #비브람 #전창갈이 #전창교체 #파티나염색 #patina #밑창보강 #구두수선 #명동구두수선 #명동슈케어 #빈티지스틸 #스틸토 #靴磨き #팀버랜드6인치 #팀버랜드 #전창교체는블랙샤인 #팀버랜드전창갈이 #팀버랜드전창교체 #timberland,38,10,2024년 03월 02일,"['#팀버랜드6인치', '#팀버랜드', '#전창교체는블랙샤인', '#팀버랜드전창갈이', '#팀버랜드전창교체', '#timberland']"
언제 마지막으로 입었는지 기억도 가물가물한 챔피온 바시티 자켓(매우 애정템)에 나름 희귀한 우드랜드 버전 미공군 헬멧백.,17,3,2024년 03월 03일,[' ']
초벌중,6,10,2024년 03월 04일,[' ']
#협찬 @retriever_official 봄에는 레이어드하는 재미죠🤭🤭 . . . #리트리버클럽 #retrieverclub #후드티코디 #여자봄코디 #볼캡코디 #폴로볼캡 #레이어드코디 #원피스레이어드 #팀버랜드 #팀버랜드워커 #팀버랜드6인치,423,35,2024년 03월 05일,"['#리트리버클럽', '#retrieverclub', '#후드티코디', '#여자봄코디', '#볼캡코디', '#폴로볼캡', '#레이어드코디', '#원피스레이어드', '#팀버랜드', '#팀버랜드워커', '#팀버랜드6인치']"
"[미스치프의 새로운 부츠 실루엣 공개] 미스치프(@mschf)의 새로운 부츠가 저스트 돈 디렉터 돈 씨(@chicagodonc)의 인스타그램 스토리를 통해 공개됐다. 공개된 이미지 속 부츠는 팀버랜드의 6인치 부츠와 흡사한 어퍼, 루이 비통을 연상케 하는 모노그램, 거대한 두께와 높이의 아웃솔과 몰딩 디테일을 확인할 수 있다. 미스치프의 새로운 부츠에 대한 추가적인 정보는 현재 공개되지 않은 상태이며, 더욱 자세한 소식은 추후 <스트릿매거진>을 통해 확인할 것.",18,댓글 없음,2024년 03월 05일,[' ']
이제 곧 겨울!!,178,댓글 없음,2024년 03월 05일,[' ']
2024.03.06. #출근복장 👔 요즘 워크웨어가 대세인 듯 싶은데요. 그래서 워크자켓 하나 마련했습니다. #zara 에서 하나 데려왔지요. 사이즈는 딱정핏으로 입고싶어서 L로 구매했습니다. 🥾워크웨어 무드에 맞게 #팀버랜드6인치 오랜만에 꺼내 신어보았습니다. 신발이 포인트가 되는 것 같아서 상의에서는 힘을 빼고 같은 색 계열의 케이블 니트로 마무리했지요 아. 니트는 #suare 제품입니다. 셀비지 팬츠는 #spao 제품이고요. 내일은 뭐 입지.,365,3,2024년 03월 07일,"['#출근복장', '#zara', '#팀버랜드6인치', '#suare', '#spao']"
"[미스치프, 2X4 부츠 출시 예정] 미스치프(@mschf)가 팀버랜드와 루이 비통을 연상케 하는 디자인으로 궁금증을 불러일으켰던 부츠의 공식 출시를 알렸다. 미스치프가 공개한 이미지에는 미국의 영화감독이자 배우인 스파이크 리(@officialspikelee)가 출연해 신발을 신고 일상적인 활동을 하는 장면이 연출됐다. 미스치프 2X4 부츠는 현지 시각 3월 19일 출시되며, 가격은 400달러.",46,3,2024년 03월 08일,[' ']
팀버랜드 X 스타일리스트 베네다 카터 두 번째 협업 컬렉션 출처 : 팀버랜드 인스타그램 #팀버랜드 #베네다카터 #콜라보 #팀버랜드부츠 #팀버랜드6인치 #부츠추천 #timberland #venedacarter,127,댓글 없음,2024년 03월 11일,"['#팀버랜드', '#베네다카터', '#콜라보', '#팀버랜드부츠', '#팀버랜드6인치', '#부츠추천', '#timberland', '#venedacarter']"
미스치프에서 팀버랜드 6인치 부츠를 패러디한 2×4제품을 출시합니다. 팀버랜드와 루이비통의 콜라보를 연상시키기도하는 독특한 디자인입니다. 솔을 전체로 덮어버리는 과감한 시도가 재미있습니다. #미스치프 #미스치프2x4 #팀버랜드6인치 #팀버랜드워커 #미스치프워커 #mschf,여러 명,댓글 없음,2024년 03월 14일,"['#미스치프', '#미스치프2x4', '#팀버랜드6인치', '#팀버랜드워커', '#미스치프워커', '#mschf']"
"3월 셋째 주 금요일, 지큐 코리아 웹사이트에서 확인해야 할 기사 리스트를 공유합니다. 돌아온 팀버랜드 6인치 부츠, 윤종신의 손목 시계, 봄맞이 옷장 정리 꿀팁까지. 지금 딱 알아야 할 내용을 정리해 두었습니다. 기사별 자세한 내용은 프로필 링크를 통해 확인하세요. - ❶ 팀버랜드 6인치 부츠의 유행이 돌아오는 이유 ❷ 소문난 시계 마니아 윤종신의 손목 시계 컬렉션 5 ❸ 독소를 제거해 뱃살 빠지게 하는 음식 5 ❹ 진짜 쉽고 간단한 팔자 주름 없애는 습관 5 ❺ 겨울옷 보관, 니트 세탁, 봄맞이 옷장 정리 꿀팁 ❻ 이렇게 먹으면 된다, 살 덜 찌는 라면 조리법 5 - #팀버랜드 #팀버랜드6인치 #윤종신 #시계추천 #뱃살 #팔자주름 #GQTOPIC #지큐토픽 #GQKOREA - EDITOR 조서형 DESIGNER 조승언",450,1,2024년 03월 15일,"['#팀버랜드', '#팀버랜드부츠', '#팀버랜드6인치']"
덕배 어린이날,123,5,2024년 03월 23일,[' ']
보여야 매출이 오릅니다~🙌 자체실행합니다👌 부담없는 비용으로 셀프도 가능합니다~👌 ✨상위 1%로 가는 마케팅 홍보✨ 대표님 매출을 올리는 확실한 기업👍 카톡 : upinstar 무료상담 : 010-5001-4846 . . #아디다스알파바운스#노스페이스슬리퍼#조던슬리퍼#슬리퍼샌들#남자블로퍼#워컨#팀버랜드#팀버랜드워커#전술화#사막화#레드윙#팀버랜드6인치#전투화#닥터마틴워커,2,댓글 없음,2024년 03월 30일,"['#남자블로퍼', '#워컨', '#팀버랜드', '#팀버랜드워커', '#전술화', '#사막화', '#레드윙', '#팀버랜드6인치', '#전투화', '#빈티지샵', '#빈티지', '#세컨핸드', '#세컨핸드샵', '#팀버랜드', '#팀버랜드6인치']"
팀버랜드 6인치 부츠 코디🎧 오버핏한 후드와 팬츠의 조합으로 풀어본 서로 다른 너낌 한 분야를 함께 즐기고 간다는게 정말 의지되는 요즘 덕분에 서로 재밌네요😁 남은 시간도 해피하세요🫡 #팀버랜드워커 #팀버랜드6인치 #팀버랜드코디 #워커코디 #부츠코디 #후드코디 #스트릿패션 #캐트릿 #캐주얼스트릿 #streetfashionstyle #timberland6inch,328,116,2024년 03월 31일,"['#팀버랜드워커', '#팀버랜드6인치', '#팀버랜드코디', '#워커코디', '#부츠코디', '#후드코디', '#스트릿패션', '#캐트릿', '#캐주얼스트릿', '#streetfashionstyle', '#timberland6inch']"
🚔,0,13,2024년 04월 22일,[' ']
#오늘의 #득템 #manoa #마노아 저번에 춤추시는 승객분이 신고 계셔서 엄청 눈이갔는데 쇼핑하다가 미쿡에서 싸게 발견!!,42,2,2024년 04월 26일,"['#오늘의', '#득템', '#manoa', '#마노아', '#팀버랜드6인치']"
더워죽기 전에 에이디다스 보이 ADIDAS BOY @originals_kr @adidaskr #아디다스 #아디다스오리지널스 #아디다스져지,290,13,2024년 04월 27일,"['#아디다스', '#아디다스오리지널스', '#아디다스져지']"
팀버랜드는 된장이 진리지🥾🍯 #팀버랜드 #팀버랜드옐로우부츠 #팀버랜드6인치 #팀버랜드코디 #남자팀버랜드 #부츠 #남자부츠 1. @ophen28 2 + 3 + 5. @longlivesmdc 4 + 7. @ziont 6. @dk_is_dokyeom,82,댓글 없음,2024년 04월 28일,"['#팀버랜드', '#팀버랜드옐로우부츠', '#팀버랜드6인치', '#팀버랜드코디', '#남자팀버랜드', '#부츠', '#남자부츠']"
반바지에 팀버 존예🔥,7,2,2024년 04월 29일,[' ']
여름코디 미리보기👀 #버뮤다팬츠 #개시,280,댓글 없음,2024년 05월 02일,"['#버뮤다팬츠', '#개시']"
#팀버랜드 코디 2🥾,359,1,2024년 05월 02일,['#팀버랜드']
#리즈베이커리카페 #팀버랜드6인치,여러 명,4,2024년 05월 02일,"['#리즈베이커리카페', '#팀버랜드6인치']"
날씨 너무 더운데요 . .🥵 . . . . Outer: @lmood_official Top: @51percent_official Pants: @tilldawnnnn Shoes: @timberland Acc: @thecoldestmoment @vaho_studio @bebello__official,99,46,2024년 05월 03일,[' ']
이것이 힐링이도다 ..,71,12,2024년 05월 05일,[' ']
"#제품협찬 러블리한 블록코어👧🏻☘️🤍 @nbastyle_kor 에서 보내주신 시원한 메쉬소재 티셔츠! 베이지와 그린의 배색이 넘 예뻐버리구연!!! 여기에 화이트 레이스 스커트와 팀버랜드 워커까지 믹스매치하니 약간 치어리더st 같쥬••?(실상은 킹왕짱 몸치걸이지만서도,,,) #nba #느바앤미 #nba메쉬티셔츠 #nba24ss #블록코어 #보스턴셀틱스 #농구유니폼 #레이스스커트 #팀버랜드 #팀버랜드6인치",304,82,2024년 05월 07일,"['#nba', '#느바앤미', '#nba메쉬티셔츠', '#nba24ss', '#블록코어', '#보스턴셀틱스', '#농구유니폼', '#레이스스커트', '#팀버랜드', '#팀버랜드6인치']"
주머니에 맛있는거 숨겨놓음🫠,여러 명,8,2024년 05월 08일,[' ']
🌸항상 맑은날만 있었으면 좋겠네요😁 [ootd] 치노 팬츠와 링거티 조합!! 여기에 부츠까지!! 난 이게 좋타👍 Top @uniform_bridge Bottom @meverick_kr Shoes @timberlandkorea,여러 명,64,2024년 05월 10일,[' ']
다시 쌀쌀해진 요즘🥶 오버핏 데님자켓에 블랙 컬러 유넥 밴딩이 들어간 와이드 팬츠 입어주고 팀버랜드 툭 신어주면 코디 뚝딱👍 #팀버랜드 #워커코디 #팀버랜드6인치 #팀버랜드워커 #데님자켓 #데님자켓코디 #유넥 #유넥코디 #유넥추천 #모스 #moth #와이드팬츠 #와이드팬츠코디 #캐주얼코디 #남자코디 #남자패션 #남자데일리룩,70,댓글 없음,2024년 05월 11일,"['#팀버랜드', '#워커코디', '#팀버랜드6인치', '#팀버랜드워커', '#데님자켓', '#데님자켓코디', '#유넥', '#유넥코디', '#유넥추천', '#모스', '#moth', '#와이드팬츠', '#와이드팬츠코디', '#캐주얼코디', '#남자코디', '#남자패션', '#남자데일리룩']"
난 20장올리기 언제가능한데?지끼미,여러 명,6,2024년 05월 12일,[' ']
어제는 핏한 카라티 오늘은 오버한 카라티😎 핏한 카라티가 남자다운 느낌의 포말룩이라면 이렇게 오버하고 빈티지한 워싱이 들어간 카라티는 여름에 스트릿하게 입기 좋거든요 거기에 빈티지한 올리브색 카고팬츠와 팀버랜드를 매치해주면 끝 #오버핏카라티 #카라티 #반팔카라 #반팔카라티 #스트릿 #스트릿코디 #왕관 #주앙옴므 #팀버랜드 #카고팬츠 #카고팬츠코디 #wanggwan #남자워커 #남자부츠 #팀버랜드6인치 #남자여름패션 #남자여름코디,243,댓글 없음,2024년 05월 13일,"['#남자워커', '#남자부츠', '#팀버랜드6인치', '#남자여름패션', '#남자여름코디', '#팀버랜드6인치']"
"#광고 옷차림이 점점 가벼워지는 요즘, 흰반팔티 미리미리 쟁이셔야죠?🙈 가성비의 아이콘 @spao_kr 브랜드의 COOL 코튼 루즈핏 반팔티를 착용했는데 부들부들하면서 바람이 잘 통해서 진짜 시원하더라구요! 컬로는 기본 화이트나 블랙을 포함해 8가지나 되기때문에 착용감 좋은 여름 반팔티 찾으셨다면 구경해 보셔도 좋겠습니다:) #스파오 #스파오크루 #스파오베이직 #반팔티 #여름반팔티 #남자반팔티",4,16,2024년 05월 13일,"['#스파오', '#스파오크루', '#스파오베이직', '#반팔티', '#여름반팔티', '#남자반팔티']"
"#광고 MODERN&FORMAL ‘HOT SUMMER’ 이번 무신사 테라스 성수에서 모던과 포멀을 잘 나타내는 무신사 대표 브랜드의 썸머 제품을 만날 수 있는 팝업을 오픈했어요! 저는 그 중에 가장 좋아하는 #메종미네드 의 제품을 관심있게 보고 왔어요! 특히 후드셔츠와 여름 티셔츠 그래픽이 너무 이쁘더라고요! 이외에도 팝업에 방문하시면 2가지 이벤트를 진행하고 있으니 꼭 참여하셔서 무신사 스토어에서 사용가능한 할인쿠폰을 받아보세요! ❗️럭키머신 이벤트 Step 1. @musinsaterrace @musinsa.official @좋아하는브랜드 인스타그램 계정 팔로우하고 스토리에 팝업 현장 사진을 올려주세요. Step 2. 스태프에게 보여주면 럭키머신 코인 2개를 드려요. Step 3. 좋아하는 브랜드의 네임택을 뽑으면 무신사 스토어에서 사용 가능한 할인쿠폰 증정! ❗️포토존 이벤트 Step 1. 마음에 드는 아이템을 착용하고 인스타그램 스토리에 업로드 해주세요. (@musinsaterrace @musinsa.official @착용브랜드) Step 2. 현장 스태프에게 보여주고 럭키드로우 1회 참여하기! Step 3. 브랜드 사은품 또는 무신사 스토어에서 사용 가능한 할인쿠폰을 드립니다. - 📍위치 : 서울시 성동구 아차산로 104, 3층 (성수역 3번출구) 📆일정 : 5/14(화)~5/19(일) / pm12~pm8 @musinsa.official @musinsaterrace @maisonmined #무신사 #모던포멀핫썸머 #무신사테라스성수 #maisonmined #메종미네드 #티셔츠 #반팔티셔츠 #musina",3,댓글 없음,2024년 05월 15일,"['#maisonmined', '#메종미네드', '#티셔츠', '#반팔티셔츠', '#musina', '#아디다스', '#리플라이퍼키', '#팀버랜드']"
"""근본 워커 팀버랜드가 돌아왔다"" 90년대 힙합 근본 아이템으로 애용된 #팀버랜드 6인치 부츠 최근 셀럽들의 착용과 다양한 콜라보 협업으로 다시금 HYPE 한 이미지로 급부상 중입니다. 브랜드의 근본 헤리티지는 물론 워크웨어 트렌드와 맞물려 그 인기는 당분간 계속될 듯 한데요. 팀버랜드와 함께한 아웃핏을 모아봤습니다.✨ 💬착장 Tip 📌어두운 워크 팬츠&버뮤다 팬츠에 포인트 📌발목 두칸정도의 슈레이스를 넉넉히 풀것 📌사이즈는 자신 사이즈 1업 추천",58,5,2024년 05월 15일,[' ']
⚒ @wap.works 와이드한핏에 끌리지않는 편안함.. 5월 24일 출시예정.. 립스탑 카고.. 그리고 내일은 서면 고아누스 로.. 오면 입고있을 바지..,68,댓글 없음,2024년 05월 18일,[' ']
근본템 하나쯤은 괜찮잖아? #팀버랜드 #코디추천 #팀버랜드6인치,122,댓글 없음,2024년 05월 18일,"['#팀버랜드', '#코디추천', '#팀버랜드6인치']"
진짜 다 좋은데 바람좀 그만 불어줘..맨날 머리하고 나오면 1초만에 흐트러져버려🤯 . . . . . . . #셀피 #데일리 #daily #l4l #데일리룩 #좋반 #좋아요 #첫줄 #첫줄반사 #좋테 #맞팔 #패션계정맞팔 #오오티디 #ootd #dailylook #패션 #캐주얼룩 #스트릿패션 #스트릿룩 #스트릿코디 #옷스타그램 #selfie #롱슬리브 #버뮤다팬츠 #피그먼트 #남자여름코디 #팀버랜드 #워커코디 #팀버랜드6인치 #노매뉴얼가방,315,13,2024년 05월 19일,"['#롱슬리브', '#버뮤다팬츠', '#피그먼트', '#남자여름코디', '#팀버랜드', '#워커코디', '#팀버랜드6인치', '#노매뉴얼가방']"
햇빛이 쨍쨍☀️,291,5,2024년 05월 20일,[' ']
진짜 노동복 작업복으로.. 이미 빵꾸 뚫렸고 이미 다튀었다 어쩔건데..뭐.. 워크웨어의 근본 3줄 스티치 .. 더블니 카펜터.. 6월초 드랍 @wap.works,125,댓글 없음,2024년 05월 22일,[' ']
#협찬 여름엔 그냥 그리쉬👍 . . . @grish_official . . . #여름코디 #반팔추천 #그리쉬 #grish #팀버랜드 #팀버랜드워커 #팀버랜드6인치 #여름코디추천 #스트릿코디 #스트릿웨어 #캐트릿코디 #캐트릿패션,42,7,2024년 05월 22일,"['#여름코디', '#반팔추천', '#그리쉬', '#grish', '#팀버랜드', '#팀버랜드워커', '#팀버랜드6인치', '#여름코디추천', '#스트릿코디', '#스트릿웨어', '#캐트릿코디', '#캐트릿패션']"
안 올리기 아쉬운 컷 가을에 다시 열심히 입어줘야지👋 Q) 이 룩은 몇 월에 찍었을까요?! @rookies_o_otd 의 시선📸👀 - ▪️jacket : @carharttwip ▪️shirt : @nanamica ▪️t-shirt : @travisscott x @fragmentdesign_official ▪️pants : @nanamica ▪️shoes : @timberland #데님자켓코디 #칼하트wip #칼하트자켓 #팀버랜드워커 #팀버랜드코디 #팀버랜드6인치 #나나미카 #남자스트릿코디 #남자스트릿패션 #아메카지룩코디 #아메카지패션,396,37,2024년 05월 25일,"['#데님자켓코디', '#칼하트wip', '#칼하트자켓', '#팀버랜드워커', '#팀버랜드코디', '#팀버랜드6인치', '#나나미카', '#남자스트릿코디', '#남자스트릿패션', '#아메카지룩코디', '#아메카지패션']"
"#협찬 비헤비어에서 정말 멋진 블랙 셀비지 데님을 받았습니다. @beheavyer_official과 @gonzo_jm 님의 콜라보 제품이라 퀄리티와 디테일이 훌륭했어요. 특히, 입었을 때 핏이 가장 좋았는데, 와이드 핏이면서도 과하지 않게 디자인이 잘 되어 있더라고요. 특징과 디테일적 요소들도 👏👏👏 ✔️3~40년대 와이드한 실루엣 구현 ✔️USA COTTON YARN 사용 ✔️14oz 셀비지 데님/버튼플라이 적용 ✔️사이즈 조절을 위한 신치백 타입 ✔️내구성을 위해 체인스티치를 적용 #behaevyer #비헤비어 #남자블랙진 #블랙진 #팀버랜드 #팀버랜드6인치",18,88,2024년 05월 26일,"['#behaevyer', '#비헤비어', '#남자블랙진', '#블랙진', '#팀버랜드', '#팀버랜드6인치']"
"#광고 여름용 카고스커트 하나쯤은 필수잖슴!!🫶🏻 @bbcearthapparel 의 가볍고 시원한 소재의 카고스커트에요! 진짜 얇아서 막 접으면 주먹만하게도 접힌다눈,, 여름에 여행이나 물놀이갈때 챙겨가도 휘뚤마뚤 입기 넘 좋을 것 같더라구용‼️ 🍀*플래닛 크루 활동의 일환입니다. (폰드그룹은 BBC Earth 어패럴 제작에 대한 라이선스를 부여받은 바, 본 활동에 해당 어패럴을 일부 전시 및 소개하고자 함을 밝힙니다.) #비비씨어스 #bbcearth #플래닛크루 #여름코디 #빈티지 #카고 #카고스커트 #팀버랜드 #팀버랜드6인치 #꾸안꾸",193,49,2024년 05월 27일,"['#비비씨어스', '#팀버랜드', '#팀버랜드6인치', '#꾸안꾸', '#bbcearth', '#플래닛크루', '#여름코디', '#빈티지', '#카고', '#카고스커트']"
"뉴진스가 자주 신는 신발, 팀버랜드를 아시나요? 흔히 ‘6인치부츠’라고 불리는 이 신발은 무려 50년이나 된 신발입니다. 이렇게 오랫동안 세계적으로 사랑받는 비결은 뭘까요?",448,4,2024년 05월 28일,[' ']
블랙 쟁이들을 위한 블랙 쿨링 셔츠 코디 ♠️,4,4,2024년 05월 29일,[' ']
히치하이킹 성공률 100% 코디💙 모든착장 @by_desen.official #바이데센,"1,841",9,2024년 05월 30일,['#바이데센']
🌲,여러 명,댓글 없음,2024년 05월 30일,[' ']
여름에도 부츠신는 남자 팀버랜드가 예뻐보이기 시작하면서 눈에 들어오는 빈티지 패션 어느순간 그런 무드의 제품들을 보여주는 주앙옴므 저번 시즌에 브러쉬 반팔이 워낙 핫해서 클론룩이 될 정도였는데 올해는 빈티지한 워싱이 매력적인 이 팬츠가 뜰 것 같네요🙊 부담스럽지 않은 스트레이트-와이드 핏에 다른 더블니 팬츠와는 다르게 코디 폭이 넓은 느낌 거기에 유니크한 빈티지 워싱까지 딱 입자마자 와.. 소리 나옴 거기에 빈티지한 라벤더 컬러 반팔티와 올 타임 스테디 팀버랜드 6인치 부츠 신어주고 키링과 글로시한 나일론 숄더백 매치해주면 취향 범벅 빈티지 코디 완성 #빈티지룩 #빈티지패션 #스트릿 #스트릿코디 #캐주얼코디 #더블니팬츠 #주앙옴므 #juanhomme #팀버랜드 #팀버랜드6인치 #팀버랜드코디 #여름패션 #여름코디 #남자여름패션 #남자여름코디,156,37,2024년 06월 02일,"['#빈티지룩', '#빈티지패션', '#스트릿', '#스트릿코디', '#캐주얼코디', '#더블니팬츠', '#주앙옴므', '#juanhomme', '#팀버랜드', '#팀버랜드6인치', '#팀버랜드코디', '#여름패션', '#여름코디', '#남자여름패션', '#남자여름코디']"
머리 자를 때 된 사람 . . . #헤칭룸 #디키즈 #dickies #hatchingroom #밀로아카이브 #timberland #팀버랜드6인치,43,댓글 없음,2024년 06월 02일,"['#헤칭룸', '#디키즈', '#dickies', '#hatchingroom', '#밀로아카이브', '#timberland', '#팀버랜드6인치']"
여름이 다시 돌아왔구나 그래 그래,여러 명,댓글 없음,2024년 06월 03일,[' ']
와인들고 해변으로 튀어~🥂🌊,70,10,2024년 06월 04일,[' ']
바지 물감 놀이 아니고 공사장 아니고 우유 흘린거 아니야,6,1,2024년 06월 07일,[' ']
돌고 돌아 슬로모,247,21,2024년 06월 11일,[' ']
#Repost @j_0_x_0 with @the_moth_official ・・・ 다시 쌀쌀해진 요즘🥶 오버핏 데님자켓에 블랙 컬러 유넥 밴딩이 들어간 와이드 팬츠 입어주고 팀버랜드 툭 신어주면 코디 뚝딱👍 #팀버랜드 #워커코디 #팀버랜드6인치 #팀버랜드워커 #데님자켓 #데님자켓코디 #유넥 #유넥코디 #유넥추천 #모스 #moth #와이드팬츠 #와이드팬츠코디 #캐주얼코디 #남자코디 #남자패션 #남자데일리룩,32,댓글 없음,2024년 06월 11일,"['#팀버랜드', '#워커코디', '#팀버랜드6인치', '#팀버랜드워커', '#데님자켓', '#데님자켓코디', '#유넥', '#유넥코디', '#유넥추천', '#모스', '#moth', '#와이드팬츠', '#와이드팬츠코디', '#캐주얼코디', '#남자코디', '#남자패션', '#남자데일리룩']"
코디랑 핏감 아주 그냥 기매키다 기매켜 :D @by_desen.official #바이데센,"1,057",11,2024년 06월 12일,['#바이데센']
강동원 가게도 보고 .. 실물도 보고 ..,57,댓글 없음,2024년 06월 12일,[' ']
#제품제공 무엇인가를 가르키고 있긴 합니다만… #후드후드 #HOODHOOD @hoodhood_official / 스페이스 크래프트 티셔츠,92,11,2024년 06월 12일,"['#제품제공', '#후드후드', '#HOODHOOD']"
아따 듭다 🥵,93,8,2024년 06월 12일,[' ']
벌써 곧 주말 힘내자!!🔥🔥 . #운동하는직장인#식단해야지#헬스트레이너#짐웨어추천#피트니스모델#워크웨어룩#남자여름패션#팀버랜드6인치#강릉여행#양양가볼만한곳#맨발못참지,27,5,2024년 06월 13일,"['#워크웨어룩', '#남자여름패션', '#팀버랜드6인치', '#강릉여행', '#양양가볼만한곳']"
신어야지 생각만 하고 미루다 미루다 이제야 게시🥹 #팀버랜드 #Timberland,여러 명,6,2024년 06월 16일,"['#팀버랜드', '#Timberland']"
찰떡궁합 반바지와 팀버랜드 조합입니다 😎,246,댓글 없음,2024년 06월 17일,[' ']
냉방병 걸릴 정도로 에어컨 바람 맞다가 카페 밖으로 나오면 3초간 따뜻하면서 노곤해지는 기분 좋은 그 느낌🙂‍↔️ #팀버랜드 #timberland,43,13,2024년 06월 17일,"['#팀버랜드', '#timberland']"
#팀버랜드 #timberland #팀버랜드6인치,18,댓글 없음,2024년 06월 17일,"['#팀버랜드', '#timberland', '#팀버랜드6인치']"
깨작깨작 여러 가지 많이 한 하루.,269,16,2024년 06월 18일,[' ']
"내구성과 스타일 모두 잡았다! 자연을 사랑하는 브랜드의 자부심, 팀버랜드 슈즈 #팀버랜드 #팀버랜드워커 #팀버랜드6인치 #팀버랜드",266,댓글 없음,2024년 06월 20일,"['#팀버랜드', '#팀버랜드워커', '#팀버랜드6인치', '#팀버랜드']"
👹,576,댓글 없음,2024년 06월 20일,[' ']
🕊,3,댓글 없음,2024년 06월 21일,[' ']
태양을 피하는 방법☀️😎 (= 모자) 모자없이 요즘 외출이 힘들던데 한여름 큰일이네요😅 근데 또 장마 온대서 장화를 사야하나...🤔🤔 #볼캡코디 #남자여름코디 #남자코디추천 #캐트릿 #반바지코디 #팀버랜드코디 #팀버랜드6인치 #timberlandboots #남자데일리룩 #네이버후드 #neighborhood,81,95,2024년 06월 23일,"['#볼캡코디', '#남자여름코디', '#남자코디추천', '#캐트릿', '#반바지코디', '#팀버랜드코디', '#팀버랜드6인치', '#timberlandboots', '#남자데일리룩', '#네이버후드', '#neighborhood']"
"오랜만의 가평 나들이, 예쁜 카페 엄청 많이 생겼구나?😯 #더플래츠카페 #가평카페",181,4,2024년 06월 23일,"['#더플래츠카페', '#가평카페']"
슈퍼내츄럴한 상태입니다:),110,2,2024년 06월 23일,[' ']
🥸,104,댓글 없음,2024년 06월 24일,[' ']
20240626 • • #뉴진스... 아니고 #뉴줌스😂😂 • 버스귀걸이 못챙겨와서 슬픈 뉴줌스🥲 #배드걸일상 • • #스키즘인듀싱#그레일즈#젠틀몬스터#구찌백팩#팀버랜드6인치 #반다나 아니고#등산스카프🤣#y2kfashion #힙혜오피셜,70,34,2024년 06월 26일,"['#스키즘인듀싱', '#그레일즈', '#젠틀몬스터', '#구찌백팩', '#팀버랜드6인치']"
찐 Y2K는 팀버랜드 부츠🧡💛 #팀버랜드 #팀버랜드부츠 #팀버랜드6인치 #여자팀버랜드 #부츠코디 #워커코디 #y2k,135,1,2024년 06월 27일,"['#팀버랜드', '#팀버랜드부츠', '#팀버랜드6인치', '#여자팀버랜드', '#부츠코디', '#워커코디', '#y2k']"
💬,3,댓글 없음,2024년 06월 27일,[' ']
브라운과 화이트 보트슈즈 두 가지 컬러의 서로 다른 매력 다양한 보트슈즈를 즐겨보세요🔍 #timberland#팀버랜드#보트슈즈#옐로우부츠#팀버랜드6인치,16,댓글 없음,2024년 06월 28일,"['#timberland', '#팀버랜드', '#보트슈즈', '#옐로우부츠', '#팀버랜드6인치']"
🔺팀버랜드(#timberland ) 클리닝(세탁),34,댓글 없음,2024년 06월 28일,['#timberland']
여름하면 빠질 수 없는 반바지와 팀버조합🥾 더워도 예쁘고 멋지다 생각하면 청개구리처럼 신게되는 #팀버랜드6인치 워터프루프 소재의 스웨이드라 방수스프레이도 함께 곁들여주면 나름 비오는 날도 괜찮더라구요😍 그나저나 장마 시작이라던데 모두 해피주말되세요🫡 PC @easysooh 🫰 #팀버랜드코디 #팀버랜드 #반바지코디 #남자여름코디 #여름코디추천 #캐트릿 #캐주얼스트릿 #timberlandboots,632,104,2024년 06월 29일,"['#팀버랜드코디', '#팀버랜드', '#반바지코디', '#남자여름코디', '#여름코디추천', '#캐트릿', '#캐주얼스트릿', '#timberlandboots']"
"팀버랜드(@timberland)의 상징적인 6인치 부츠 위로 루이비통(@louisvuitton)의 럭셔리한 모노그램 패턴이 더해진 협업 스니커즈가 출시됩니다. ⠀ 지난 1월 웨스턴 무드에서 영감을 받아 디자인된 루이비통의 2024 가을/겨울 컬렉션을 소개하는 자리에서 처음 등장한 이번 협업 모델은 팀버랜드의 상징적인 6인치 부츠를 베이스로 루이비통의 모노그램이 더해진 모습으로 공개와 함께 전 세계 패션 커뮤니티에서 큰 화제가 되었습니다. ⠀ 해외 소식에 따르면 두 브랜드의 협업을 통해 탄생한 6인치 부츠 모델은 오는 8월 8일에 출시될 것이라고 하며, 과거 나이키와의 협업처럼 일부 VIP 고객들에게 주문 리스트 발송 후 남은 재고는 오는 7월 25일에 판매가 진행될 것이라고 전했습니다. ⠀ * 가격은 풀 모노그램 기준 2,850달러, 발목 패딩 라인 모노그램 모델은 2,450달러라고 하며, 국내는 350만 원에서 450만 원대로 알려졌습니다.",77,댓글 없음,2024년 06월 30일,[' ']
이번주 점심시간에 쫌쫌따리 찍어본 출근룩 😚,601,댓글 없음,2024년 06월 30일,[' ']
